product_category,revenue,units_sold,average_sell_through_rate
Jackets,17264065,59155,0.1218611132098949
Footwear,8510898,59932,0.1859627051413207
Fleece,6936419,67351,0.20691041318363262
Backpacks,6004509,49891,0.1554095533058747
Base Layers,4944395,67495,0.207023667539278
Accessories,4338894,121326,0.25314225440479976
